Arm,PuzzleId,FEN,PlayedMove,GroundTruth,Continuation,Category,Band,Rating,RatingDeviation,GeneratedThemes,GameUrl,TrainingUrl,Review
blunder,Wj3vh,r4q1k/6pp/1p3n2/5N2/P1b2P2/1Q2P2P/K5P1/2bR2R1 w - - 0 31,b3c4,blunder,f8a3 a2b1 a3b2,mate,<1200,1098,186,mate mateIn2 short,https://lichess.org/qvOX1T4Q#61,https://lichess.org/training/Wj3vh,ok
blunder,f16cc,r1b2rk1/ppqn1pbp/3p3B/2p3Qp/3pP3/5P2/PPP1N1P1/2KR1BN1 b - - 1 14,c7d8,blunder,g5g7,mate,<1200,976,198,kingsideAttack mate mateIn1 oneMove,https://lichess.org/6Tc4iBpP/black#28,https://lichess.org/training/f16cc,ok
blunder,ayDnJ,r5k1/1p3ppp/q3p3/2RpPn2/1P1P1P2/P2Q4/5BPP/2R3K1 b - - 0 24,a6d3,blunder,c5c8 a8c8 c1c8,mate,<1200,927,114,backRankMate mate mateIn2 short,https://lichess.org/NQeZcVX9/black#48,https://lichess.org/training/ayDnJ,ok
blunder,2NC6V,3r2rk/p5p1/2p4R/7Q/8/3p4/P1P2PPK/8 b - - 0 32,g7h6,blunder,h5h6,mate,<1200,1049,144,mate mateIn1 oneMove queenRookEndgame,https://lichess.org/slerebHH/black#64,https://lichess.org/training/2NC6V,ok
blunder,GuOff,1k1r4/pp3R2/2b1p1p1/2q1P2p/6Q1/3B4/PPP3PP/1K6 w - - 0 24,g4g6,blunder,c5g1 f7f1 g1f1 d3f1 d8d1,mate,<1200,757,118,backRankMate long mate mateIn3 sacrifice,https://lichess.org/viShEVCy#47,https://lichess.org/training/GuOff,ok
blunder,WWO7N,7k/R7/p6p/6pK/P3r3/7P/8/8 b - - 1 42,e4a4,blunder,h5g6 a4b4 a7a8 b4b8 a8b8,mate,1200-1599,1587,123,exposedKing long mate mateIn3 rookEndgame,https://lichess.org/xHXhOdnW/black#84,https://lichess.org/training/WWO7N,ok
blunder,Nx8fl,2qr3r/3pRkpp/p2Q1p2/5P2/8/8/1P3PPP/6K1 b - - 2 26,f7g8,blunder,d6d5 g8f8 d5f7,mate,1200-1599,1235,123,mate mateIn2 short,https://lichess.org/sGwPnV0D/black#52,https://lichess.org/training/Nx8fl,ok
blunder,FHpic,8/8/8/8/8/4b1k1/7p/5RrK w - - 12 76,f1g1,blunder,h2g1q,mate,1200-1599,1387,89,advancedPawn mate mateIn1 oneMove promotion,https://lichess.org/gJQHY5af#151,https://lichess.org/training/FHpic,ok
blunder,fTLcz,3r1r1k/1p5P/p3ppp1/6p1/1n1PQ1R1/2q5/2P2P1R/3KN3 b - - 1 32,f6f5,blunder,e4e5 f8f6 e5f6,mate,1200-1599,1218,168,kingsideAttack mate mateIn2 short,https://lichess.org/v0cTyh6K/black#64,https://lichess.org/training/fTLcz,ok
blunder,VldEx,3rrk2/2p2pp1/1p5q/2n2QN1/p3pP1P/P1N5/1P4P1/1K3R2 b - - 1 28,e4e3,blunder,f5f7,mate,1200-1599,1206,77,mate mateIn1 oneMove,https://lichess.org/V81uWSCR/black#56,https://lichess.org/training/VldEx,ok
blunder,mP0AX,1k1r3r/ppp2pp1/8/3Nn3/4P1pq/4Q3/PPP1BPP1/R2R2K1 w - - 2 18,f2f3,blunder,h4h1 g1f2 g4g3 f2g3 h1h4,mate,1600-1999,1876,155,attraction kingsideAttack long mate mateIn3,https://lichess.org/p65wkGbt#35,https://lichess.org/training/mP0AX,ok
blunder,3B0xu,5Nk1/1b2bpp1/7p/7n/Q2P1P2/2P4P/1PB2qPK/2B3R1 w - - 3 29,f8g6,blunder,f2g3 h2h1 g3h3,mate,1600-1999,1608,165,deflection mate mateIn2 pin short,https://lichess.org/obZp19x6#57,https://lichess.org/training/3B0xu,ok
blunder,wMMIw,6k1/4b1p1/2p1p1p1/pp4r1/8/P3q1NQ/1PP5/1K5R b - - 1 31,e3g3,blunder,h3e6 g8f8 h1h8,mate,1600-1999,1892,80,fork mate mateIn2 short,https://lichess.org/NBJMa1ZU/black#62,https://lichess.org/training/wMMIw,ok
blunder,GsDaI,1k5r/ppp1Qpp1/1qp5/8/3r2Bp/6n1/PPP2P2/R3R1K1 b - - 3 22,d4g4,blunder,e7e8 h8e8 e1e8,mate,1600-1999,1647,231,backRankMate mate mateIn2 sacrifice short,https://lichess.org/mbk8yV5d/black#44,https://lichess.org/training/GsDaI,ok
blunder,7WRwH,3r3k/p5p1/1b2Q2p/8/P4p2/2P2B2/1Pq2PPP/5RK1 w - - 0 28,f3e4,blunder,c2f2 f1f2 d8d1,mate,1600-1999,1664,77,mate mateIn2 pin sacrifice short,https://lichess.org/oxSTbwLN#55,https://lichess.org/training/7WRwH,ok
blunder,sBbht,4r1k1/p4p2/1pn3pB/2pb2Q1/5P2/3Pq2N/PPP1rRPP/R5K1 w - - 5 25,g5f6,blunder,e3f2 h3f2 e2e1 a1e1 e8e1,mate,2000+,2121,84,kingsideAttack long mate mateIn3 sacrifice,https://lichess.org/Wewt9QTD#49,https://lichess.org/training/sBbht,ok
blunder,MUzRY,2r5/5r2/p5p1/1p1kp1P1/1P6/P2R1P2/1P6/1K6 b - - 1 36,d5c4,blunder,b1c2 e5e4 b2b3,mate,2000+,2247,103,mate mateIn2 rookEndgame short,https://lichess.org/QkKazwzv/black#72,https://lichess.org/training/MUzRY,ok
blunder,rGMTW,4kB1Q/p4p2/r1pbp3/q1pp4/5P2/1PnPP2P/2PNQ3/1K1R3R w - - 1 24,h8c3,blunder,a5c3 b1c1 a6a2 d2b1 c3b2 c1d2 b2c2 d2e1 c2e2,mate,2000+,2288,105,hangingPiece mate mateIn5 queensideAttack veryLong,https://lichess.org/1oAYA3sS#47,https://lichess.org/training/rGMTW,ok
blunder,v1tRG,6k1/p2r1pp1/1p2pq1p/2b5/4R3/2P2N2/PP2QPPP/6K1 w - - 0 21,f3e5,blunder,f6f2 e2f2 d7d1 e4e1 d1e1,mate,2000+,2031,89,kingsideAttack long mate mateIn3 pin sacrifice,https://lichess.org/Pjjc2Nwd#41,https://lichess.org/training/v1tRG,ok
blunder,fMkW1,8/2R5/p5kp/2R3p1/P7/5PK1/1r1r2PP/8 w - - 6 39,f3f4,blunder,d2d3 g3g4 b2g2,mate,2000+,2110,83,deflection discoveredAttack mate mateIn2 rookEndgame short,https://lichess.org/3bE9y9yg#77,https://lichess.org/training/fMkW1,ok
blunder,5PEID,r1b1r3/ppp2p1k/6pp/3Nb3/2P2P2/8/P3B1PP/1R2K2R b K - 0 18,e5d6,blunder,d5f6 h7h8 f6e8,fork,<1200,741,142,fork short,https://lichess.org/8HgqHlYr/black#36,https://lichess.org/training/5PEID,ok
blunder,G58jG,r4r2/pp5k/3p4/3p1q1p/3QpPN1/P1P4P/2P5/6RK b - - 1 27,f8g8,blunder,g4f6 f5f6 d4f6 g8g1 h1g1,fork,<1200,1042,186,fork long,https://lichess.org/FYbC2Y6a/black#54,https://lichess.org/training/G58jG,ok
blunder,ttYg5,1r3b1k/7p/8/4p2q/4Q3/3B1pP1/5P2/3R2K1 b - - 2 40,h5f7,blunder,e4e5 f8g7 e5b8,fork,<1200,1098,314,fork short,https://lichess.org/iW4xXMw3/black#80,https://lichess.org/training/ttYg5,ok
blunder,RcNw6,6k1/5p2/3p2p1/7p/8/1N2r1qP/2Q3P1/3R2K1 w - - 2 32,b3d4,blunder,e3e1 d1e1 g3e1 g1h2 e1e5 g2g3 e5d4,fork,<1200,1067,104,fork veryLong,https://lichess.org/dwNjMKRq#63,https://lichess.org/training/RcNw6,ok
blunder,AbLd9,6k1/1pp3p1/1p4qp/n7/2P1n3/1P1Q1RrP/PB4P1/5R1K w - - 7 30,f3g3,blunder,e4g3 d3g3 g6g3,fork,<1200,992,99,fork short,https://lichess.org/8UFjTAhn#59,https://lichess.org/training/AbLd9,ok
blunder,LEP7C,4r3/p3q1k1/n4bpp/1B3pN1/7P/4B3/PP3PP1/3Q2K1 b - - 0 29,e8d8,blunder,d1d8 e7d8 g5e6 g7h7 e6d8,fork,1200-1599,1489,79,attraction fork long sacrifice,https://lichess.org/ACl6wacK/black#58,https://lichess.org/training/LEP7C,ok
blunder,QHZEv,3qr1k1/pp1n1rp1/2p1RN1B/3p2b1/3P4/5N2/PPP2PPP/4R1K1 b - - 1 18,g5f6,blunder,e6e8 d8e8 e1e8 f7f8 e8f8,fork,1200-1599,1251,122,fork long,https://lichess.org/2pS81fb3/black#36,https://lichess.org/training/QHZEv,ok
blunder,CuMnK,5r1k/5p2/2p2q1p/1p3BpQ/p1P2p2/P1P4P/1r6/4B1RK b - - 1 30,f6f5,blunder,h5h6 f5h7 h6f8,fork,1200-1599,1522,76,fork short,https://lichess.org/Yd5FquNO/black#60,https://lichess.org/training/CuMnK,ok
blunder,hKBd8,8/2r2p1p/1pNn1kp1/1P6/5PP1/R3K3/7P/8 w - - 3 36,c6d4,blunder,d6c4 e3d3 c4a3,fork,1200-1599,1343,119,fork short,https://lichess.org/XNcGeYyD#71,https://lichess.org/training/hKBd8,ok
blunder,vI2SE,2b5/rpp3pk/p2P2pp/4p3/PP5q/1Q6/6PP/RN3BK1 w - - 0 20,d6c7,blunder,h4d4 g1h1 d4a1,fork,1200-1599,1348,314,fork short,https://lichess.org/gmDxE3An#39,https://lichess.org/training/vI2SE,ok
blunder,whDwA,3r2qk/pp6/1bpr3p/5Q1R/1P1P1Np1/P5P1/5BKP/8 b - - 10 41,d8f8,blunder,f5e5 g8g7 e5d6,fork,1600-1999,1920,81,fork short,https://lichess.org/KJrCyj8z/black#82,https://lichess.org/training/whDwA,ok
blunder,bpCbt,6k1/1b5r/p4q2/1p1p2p1/3Pn1Q1/P1N3PP/1P4PK/1B6 b - - 2 35,e4f2,blunder,b1h7 g8h7 g4d7 f6g7 d7f5,fork,1600-1999,1680,113,attraction exposedKing fork long,https://lichess.org/tNXjX8mH/black#70,https://lichess.org/training/bpCbt,ok
blunder,8L114,4k2r/1p3pb1/p3p1p1/4PnBp/N1pP3P/3K1P2/PP3P2/7R w k - 0 24,d3c4,blunder,b7b5 c4d3 b5a4,fork,1600-1999,1735,215,fork short,https://lichess.org/IYdIqEhP#47,https://lichess.org/training/8L114,ok
blunder,UQlwg,4n3/6k1/1p2P1q1/p7/PbQ3p1/6P1/2p3KP/5R2 b - - 0 49,b4d2,blunder,c4d4 g7g8 d4d2,fork,1600-1999,1671,79,fork short,https://lichess.org/MVvdOiqJ/black#98,https://lichess.org/training/UQlwg,ok
blunder,zwVsY,2kr1b1r/ppp2ppp/8/3PP3/Pnq1N3/4PN2/1P3PPP/R1BQK2R w KQ - 1 12,f3d2,blunder,b4c2 d1c2 c4c2,fork,1600-1999,1907,76,fork short,https://lichess.org/abAGFcVx#23,https://lichess.org/training/zwVsY,ok
blunder,4Iwfx,1k1r4/ppp3p1/5p1p/2n4P/2PPp1b1/R2r2P1/1B1NKPB1/7R w - - 1 25,f2f3,blunder,e4f3 g2f3 d8e8,fork,2000+,2034,99,fork short,https://lichess.org/xFf4yIys#49,https://lichess.org/training/4Iwfx,ok
blunder,Q6TTF,4R3/8/8/5nPK/P2k4/4p3/8/8 w - - 0 75,a4a5,blunder,f5g7 h5h6 g7e8 a5a6 e3e2 a6a7 e8c7 g5g6 e2e1q,fork,2000+,2144,79,advancedPawn fork promotion quietMove veryLong,https://lichess.org/pOP6a197#149,https://lichess.org/training/Q6TTF,ok
blunder,RsNoa,r3r3/6k1/p7/1pQ1pq2/7p/P4P1P/1PP3P1/2KR4 b - - 13 42,a8d8,blunder,d1d8 e8d8 c5e7 g7g6 e7d8,fork,2000+,2348,82,attraction exposedKing fork long,https://lichess.org/JgMb4yEl/black#84,https://lichess.org/training/RsNoa,ok
blunder,Fiohr,r5k1/5pp1/8/pp6/1n1P1q2/1B5Q/5PPP/4RK2 b - - 0 28,f4d4,blunder,b3f7 g8f7 h3f3 f7g6 f3a8,fork,2000+,2070,89,attraction fork long sacrifice,https://lichess.org/JccdDSq2/black#56,https://lichess.org/training/Fiohr,ok
blunder,BV63p,8/p2k4/2pPq3/4Pp1p/5BPb/P1Q2K1P/8/8 w - - 0 40,g4g5,blunder,e6d5 f3e2 d5g2 e2d1 g2f1 d1c2 f1f4 e5e6 d7d6,fork,2000+,2212,76,exposedKing fork veryLong,https://lichess.org/J4KNHOte#79,https://lichess.org/training/BV63p,ok
blunder,SUETI,r1b2rk1/pp1nbpp1/7p/q7/3Q4/3BPNBP/PP3PP1/R3K2R w KQ - 1 16,d4c3,blunder,e7b4 e1g1 b4c3,pin,<1200,1040,87,pin short,https://lichess.org/RnP6yzHc#31,https://lichess.org/training/SUETI,ok
blunder,HK1bO,3r2k1/5p1p/p5p1/8/2P3q1/1PR1Q3/P3RPB1/3r2K1 w - - 1 37,e2e1,blunder,d1e1 e3e1 d8d1 e1d1 g4d1,pin,<1200,1173,152,clearance long pin,https://lichess.org/BYSDZqRP#73,https://lichess.org/training/HK1bO,ok
blunder,dIl9e,r3k2r/2ppqppp/5n2/p1p5/4P3/2P5/P1P1QPPP/R1B2RK1 b kq - 0 13,e7e4,blunder,e2e4 f6e4 f1e1,pin,<1200,1104,226,pin short,https://lichess.org/Uaf2q6Yl/black#26,https://lichess.org/training/dIl9e,ok
blunder,nTUu1,r5k1/2p3bp/2n1q3/3p4/p2P1NNP/5r2/PPpB4/2K1R1R1 b - - 1 30,e6d7,blunder,g4f6 g8h8 f6d7,pin,<1200,1189,238,pin short,https://lichess.org/1QcC05D9/black#60,https://lichess.org/training/nTUu1,ok
blunder,wiRcU,2Q3k1/3q1ppp/pp1b4/3P4/1P1p1P2/4r3/P5PP/2R3K1 b - - 1 26,d7c8,blunder,c1c8 d6f8 d5d6 e3e6 d6d7,pin,<1200,1163,283,advancedPawn long pin,https://lichess.org/hvjuSuAp/black#52,https://lichess.org/training/wiRcU,ok
blunder,WeZcE,5b1r/p1p2ppp/Pkp2n2/1r6/1P1q1P2/5P2/2QB3P/R3R2K b - - 2 23,f8b4,blunder,d2e3 d4e3 e1e3,pin,1200-1599,1235,149,pin short,https://lichess.org/CxGlN2kM/black#46,https://lichess.org/training/WeZcE,ok
blunder,sENN8,5rk1/3q1p2/r1p2bpp/p2ppP2/4P1P1/2N4P/PPPQ4/2KR3R w - - 0 18,e4d5,blunder,f6g5 d2g5 h6g5,pin,1200-1599,1272,76,pin short,https://lichess.org/65Ji2UPl#35,https://lichess.org/training/sENN8,ok
blunder,JnXp0,5r1k/1p6/1np2q1p/p4BbQ/4P3/5P2/PPP2P1P/6RK b - - 6 31,f6f7,blunder,g1g5 f7h5 g5h5,pin,1200-1599,1363,90,pin short,https://lichess.org/bguaUY8m/black#62,https://lichess.org/training/JnXp0,ok
blunder,OfV3K,2k4r/ppp2b2/3q4/3n1RNB/3n4/3P3Q/PPPB3K/R7 w - - 5 27,h2h1,blunder,h8h5 h3h5 f7h5,pin,1200-1599,1507,90,pin short,https://lichess.org/3lzh4S13#53,https://lichess.org/training/OfV3K,ok
blunder,w3uT5,1k2r3/ppq3p1/2p5/2Nn1pN1/2nP3p/1Q6/PP3PPP/5RK1 b - - 3 25,c4d2,blunder,c5a6 b8c8 a6c7,pin,1200-1599,1409,80,pin queensideAttack short,https://lichess.org/RiT6jFC7/black#50,https://lichess.org/training/w3uT5,ok
blunder,tDC6y,r2q1b1r/pp2pkp1/2n2n1p/8/3P2b1/1Q1B1N2/PP3PPP/R1B1K2R b KQ - 2 11,d8d5,blunder,d3c4 g4f3 g2f3 d5c4 b3c4,pin,1600-1999,1716,176,long pin,https://lichess.org/Fv5r1EtE/black#22,https://lichess.org/training/tDC6y,ok
blunder,8d3hR,r1b2r2/pppn1kb1/3pp2p/8/3PB2q/4PQ1P/PPP2P1B/R5RK b - - 5 18,d7f6,blunder,g1g4 h4g4 h3g4,pin,1600-1999,1933,82,pin short,https://lichess.org/jbhAukDA/black#36,https://lichess.org/training/8d3hR,ok
blunder,NFw9y,r6k/1b3pbp/p1qp4/2p5/1p3B2/3PQ3/PPP1R1PP/5RK1 w - - 0 26,f4h6,blunder,g7d4 e3d4 c5d4 f1f7 a8g8,pin,1600-1999,1818,78,long pin,https://lichess.org/XhRZvLh1#51,https://lichess.org/training/NFw9y,ok
blunder,RUzdi,2r3k1/1p3pPp/4b3/p2p4/3Q4/1P4P1/qB3PBP/4R1K1 w - - 0 22,e1a1,blunder,a2a1 b2a1 c8c1 g2f1 e6h3 d4d3 c1a1 g3g4 a1f1 d3f1 h3f1,pin,1600-1999,1922,90,pin sacrifice veryLong,https://lichess.org/YOjTNMKf#43,https://lichess.org/training/RUzdi,ok
blunder,0uVYU,8/5Bpk/3P2p1/p1n3P1/4p3/7K/P5Q1/4q3 b - - 1 38,c5d3,blunder,g2h2 d3f4 h3g4 f4h5 f7g6,pin,1600-1999,1965,229,deflection discoveredAttack long pin quietMove,https://lichess.org/zbMdiceU/black#76,https://lichess.org/training/0uVYU,ok
blunder,7vMzY,1k1r4/1p6/3p2P1/2pQ1PK1/2P1P3/3P3q/r7/3R2R1 w - - 0 57,d1e1,blunder,a2h2 g5f6 h3h4 g1g5 h2g2,pin,2000+,2390,116,long pin quietMove,https://lichess.org/czCbV1Fb#113,https://lichess.org/training/7vMzY,ok
blunder,fgEAB,7r/p3bk1p/2p1pp2/7Q/6N1/2q5/2P3PP/5R1K b - - 5 27,f7f8,blunder,g4e5 c3e5 h5e5,pin,2000+,2314,80,pin short,https://lichess.org/ShVGFKJc/black#54,https://lichess.org/training/fgEAB,ok
blunder,s3Kb8,6k1/p3Qpp1/q2n1pb1/3B3p/3P3N/7P/1r3PP1/4R1K1 b - - 1 30,b2b1,blunder,h4g6 b1e1 e7e1,pin,2000+,2038,101,pin short,https://lichess.org/nJCY2LP8/black#60,https://lichess.org/training/s3Kb8,ok
blunder,Ol5KN,1k1r4/pp6/4q3/5R1p/P1P1p3/1P4P1/3rQ2P/5R1K w - - 1 33,e2h5,blunder,e4e3 f1e1 e6c6 h5f3 d2d1,pin,2000+,2271,110,long pin,https://lichess.org/F1uWWMnw#65,https://lichess.org/training/Ol5KN,ok
blunder,8qkNn,r5k1/1b4P1/p3p2p/1p2p3/4pq2/7Q/PPP3R1/3B2K1 b - - 0 29,a8d8,blunder,h3e6 f4f7 d1g4 f7e6 g4e6,pin,2000+,2058,174,long pin quietMove,https://lichess.org/nXrDt4ll/black#58,https://lichess.org/training/8qkNn,ok
blunder,K7phL,8/4k3/1P4R1/2P5/4PK2/5P1p/8/1r6 w - - 0 54,f4g3,blunder,b1g1 g3h2 g1g6,skewer,<1200,1189,158,rookEndgame short skewer,https://lichess.org/BCLTVAz0#107,https://lichess.org/training/K7phL,ok
blunder,Qedfl,5R2/3RP1pk/5pbp/8/8/2K3P1/4r3/8 w - - 3 47,c3d4,blunder,e2d2 d4e3 d2d7 e7e8q g6e8,skewer,<1200,1197,79,long skewer,https://lichess.org/sZJJFkgf#93,https://lichess.org/training/Qedfl,ok
blunder,pyFxt,6k1/q6p/6pQ/p1pNpp2/P1P4P/1r6/6P1/6K1 b - - 3 31,e5e4,blunder,d5f6 g8f7 h6h7 f7f6 h7a7,skewer,<1200,1138,135,deflection interference long skewer,https://lichess.org/6Bhki1zP/black#62,https://lichess.org/training/pyFxt,ok
blunder,pBEpx,3R4/8/8/4p1pk/4P3/5P2/5K2/6r1 b - - 4 59,g1h1,blunder,d8h8 h5g6 h8h1,skewer,<1200,1195,249,rookEndgame short skewer,https://lichess.org/b3tObfcK/black#118,https://lichess.org/training/pBEpx,ok
blunder,89Ngy,4Q2R/6p1/3q2kp/1pp5/3b4/P5PP/7K/5r2 b - - 1 38,g6f6,blunder,h8f8 d6f8 e8f8 f6e6 f8f1,skewer,<1200,1170,75,exposedKing long skewer,https://lichess.org/GSv862jA/black#76,https://lichess.org/training/89Ngy,ok
blunder,inbmU,8/p4p1k/5P2/5r2/8/P6b/7P/2BR2K1 w - - 4 43,c1b2,blunder,f5g5 g1f2 g5g2 f2e3 g2b2,skewer,1200-1599,1320,240,long skewer,https://lichess.org/Xdl7WMKd#85,https://lichess.org/training/inbmU,ok
blunder,zKC68,3R4/8/8/P7/1k6/3p4/r7/3K4 b - - 1 54,b4a5,blunder,d8a8 a5b4 a8a2,skewer,1200-1599,1341,116,rookEndgame short skewer,https://lichess.org/ByOzF1PW/black#108,https://lichess.org/training/zKC68,ok
blunder,VhHdE,r7/8/8/2k2Bp1/3p1nP1/5K1p/P4P2/2R5 b - - 3 50,c5d5,blunder,f5e4 d5d6 e4a8,skewer,1200-1599,1366,104,short skewer,https://lichess.org/PvinBmYy/black#100,https://lichess.org/training/VhHdE,ok
blunder,xUFN4,4N3/8/8/5Q2/3K4/8/8/6qk w - - 3 62,d4d3,blunder,g1b1 d3d4 b1f5,skewer,1200-1599,1248,108,short skewer,https://lichess.org/jJ76HYkk#123,https://lichess.org/training/xUFN4,ok
blunder,h2VSS,8/8/3Q2pp/1pP1k3/pq5P/6P1/7K/8 b - - 1 56,e5e4,blunder,d6f4 e4d5 f4b4,skewer,1200-1599,1432,142,queenEndgame short skewer,https://lichess.org/jpTyJGBm/black#112,https://lichess.org/training/h2VSS,ok
blunder,eQijn,6k1/pR5p/4Nnp1/8/3K1P2/6P1/3r3P/8 w - - 1 35,d4e5,blunder,d2d5 e5f6 d5f5 f6e7 f5f7 e7d6 f7b7,skewer,1600-1999,1956,85,sacrifice skewer veryLong,https://lichess.org/GVmzi5jv#69,https://lichess.org/training/eQijn,ok
blunder,YuZ1s,8/R7/4P1p1/1p6/4kP2/K4RP1/Pr4P1/1r6 w - - 1 41,f3b3,blunder,b2b3 a2b3 b1a1 a3b4 a1a7,skewer,1600-1999,1817,155,exposedKing long rookEndgame skewer,https://lichess.org/qqJbDCs9#81,https://lichess.org/training/YuZ1s,ok
blunder,Asq2z,8/8/1p3B2/p3p3/P3ppk1/3qPP2/2r1N3/4QK2 b - - 0 44,e4f3,blunder,e1h4 g4f5 h4h7 f5f6 h7d3,skewer,1600-1999,1942,80,long skewer,https://lichess.org/49stwGqv/black#88,https://lichess.org/training/Asq2z,ok
blunder,4sKDk,8/pq3pkp/4pNp1/1b2P1P1/1p3P2/7P/PpP5/3RK1Q1 w - - 0 32,d1b1,blunder,b7f3 g1f2 f3h1 e1d2 h1b1,skewer,1600-1999,1856,79,exposedKing long skewer,https://lichess.org/I3uXjJkU#63,https://lichess.org/training/4sKDk,ok
blunder,HRYM8,5k2/7R/1pN5/5pp1/PP6/4b1PK/4r2P/8 w - - 0 31,g3g4,blunder,e3f4 g4f5 e2h2 h3g4 h2h7,skewer,1600-1999,1931,80,long skewer,https://lichess.org/VSdyHXaX#61,https://lichess.org/training/HRYM8,ok
blunder,ixpV4,4r3/4r3/1p1k4/p2p1P1p/P1pN3P/2P2R2/2K5/8 b - - 1 36,d6e5,blunder,f5f6 e7f7 f3e3 e5f6 e3e8,skewer,2000+,2187,101,long skewer,https://lichess.org/9q2tuV8Q/black#72,https://lichess.org/training/ixpV4,ok
blunder,Q7klN,4r1k1/pp4pp/2p5/8/3P4/3P1B2/P1P1p3/R1BKQ1q1 w - - 0 31,d1d2,blunder,g1g5 d2c3 g5a5 c3b3 a5e1,skewer,2000+,2085,126,long skewer,https://lichess.org/B8hQZ47n#61,https://lichess.org/training/Q7klN,ok
blunder,EeJQq,2kq4/ppp5/6p1/2Pnp3/1P3p2/P2K1P2/Q3P2r/1RB3R1 w - - 0 35,d3c4,blunder,d5e3 c1e3 d8g8 c4c3 g8a2,skewer,2000+,2110,115,long sacrifice skewer,https://lichess.org/jChZIeEZ#69,https://lichess.org/training/EeJQq,ok
blunder,urZfI,2r2rk1/pp2qppp/2np1n2/4p3/4P1P1/PP2BP2/1P1Q3P/1K1R1B1R w - - 0 17,d2d6,blunder,f8d8 d6e7 d8d1 b1c2 d1f1 e7f7 g8f7,skewer,2000+,2231,111,sacrifice skewer veryLong,https://lichess.org/3ehPWToP#33,https://lichess.org/training/urZfI,ok
blunder,qUbfk,2r2rk1/p1q2pbp/1p2p1p1/6B1/1n1PR3/2P2N2/P4PPP/RQ4K1 b - - 0 18,c7c3,blunder,g5d2 c3d3 d2b4 d3b1 a1b1,skewer,2000+,2369,181,long skewer,https://lichess.org/Mpm1h3fa/black#36,https://lichess.org/training/qUbfk,ok
blunder,itcNM,5K2/8/1b2B2p/p4Pk1/Pp4P1/1P6/8/8 b - - 14 58,g5g4,blunder,f5f6 g4g5 f6f7,discoveredAttack,<1200,825,188,advancedPawn bishopEndgame discoveredAttack short,https://lichess.org/TU8tLK0b/black#116,https://lichess.org/training/itcNM,ok
blunder,7t7er,4r1k1/1b4pp/p3p3/1pp5/3p1N2/P2Pb3/BPP3PP/5R1K b - - 3 24,e8f8,blunder,a2e6 g8h8 f4g6 h7g6 f1f8,discoveredAttack,<1200,1189,138,discoveredAttack kingsideAttack long,https://lichess.org/a0qvZ1Mp/black#48,https://lichess.org/training/7t7er,ok
blunder,c1bg8,3rk3/pQpn1prp/4b3/1B6/3P4/8/1PPK1PPR/q2R2N1 b - - 4 15,a1b2,blunder,b5d7 e8d7 b7b2,discoveredAttack,<1200,1132,96,discoveredAttack short,https://lichess.org/ZSOQ2FR7/black#30,https://lichess.org/training/c1bg8,ok
blunder,G9zzD,1r4k1/r2N1pp1/p2R3p/8/2QPb3/4P1P1/5PP1/3q1BK1 b - - 10 34,b8d8,blunder,d7f6 g7f6 d6d8,discoveredAttack,<1200,1099,128,discoveredAttack short,https://lichess.org/q155uddd/black#68,https://lichess.org/training/G9zzD,ok
blunder,zJ4Xc,rn2r2k/p4pp1/1p1p3p/2pP1P1n/2Pq4/1QBB1P2/PP5P/R5RK b - - 3 23,d4d3,blunder,c3g7 h5g7 b3d3,discoveredAttack,<1200,1043,166,discoveredAttack short,https://lichess.org/HzrMJ5v7/black#46,https://lichess.org/training/zJ4Xc,ok
blunder,1m8v8,8/1R4pk/4p2p/P3rb2/5n2/2B4P/5PP1/5K2 b - - 2 41,e5c5,blunder,b7g7 h7h8 g7c7 c5c3 c7c3,discoveredAttack,1200-1599,1284,96,discoveredAttack long,https://lichess.org/i7PvqU1X/black#82,https://lichess.org/training/1m8v8,ok
blunder,lXb4P,r3k2r/1bq1bp2/p2p1N1p/4p3/1p1N4/5QP1/PPP4P/1K1RR3 b kq - 0 21,e8f8,blunder,d4e6 f7e6 f6d5,discoveredAttack,1200-1599,1410,182,discoveredAttack sacrifice short,https://lichess.org/nHtl9nLh/black#42,https://lichess.org/training/lXb4P,ok
blunder,tiGA6,r2q1k1r/bpp1n3/p2ppN1p/8/3PPp2/P4N2/1P1Q1PPP/R3K2R w KQ - 1 18,d2f4,blunder,e7g6 f4c1 d8f6,discoveredAttack,1200-1599,1340,146,discoveredAttack short,https://lichess.org/9CHRWK2C#35,https://lichess.org/training/tiGA6,ok
blunder,yL4Ee,1kr5/p3rp2/Pp1P4/1R2Pp2/Q1p1qPpp/2P5/2P3P1/5BK1 b - - 0 46,e7d7,blunder,b5b6 a7b6 a4d7,discoveredAttack,1200-1599,1593,79,discoveredAttack queensideAttack short,https://lichess.org/24yYNtJ7/black#92,https://lichess.org/training/yL4Ee,ok
blunder,REkPp,6r1/2p2pr1/4p1pk/1p1pP1RP/p2P4/P1P3R1/1P3P2/6K1 w - - 1 32,f2f4,blunder,g6h5 g3h3 g7g5,discoveredAttack,1200-1599,1247,243,discoveredAttack rookEndgame short,https://lichess.org/jZpQPzoe#63,https://lichess.org/training/REkPp,ok
blunder,Hjybs,2r1k3/5pb1/3Qb2p/3pP1p1/3P1p2/1P3N2/PP4PP/1K5R w - - 3 29,h1c1,blunder,e6f5 c1c2 c8c2 a2a4 c2c6 b1a2 c6d6,discoveredAttack,1600-1999,1996,103,discoveredAttack veryLong,https://lichess.org/fLUsDfKO#57,https://lichess.org/training/Hjybs,ok
blunder,cSrI3,r4bk1/pbpq1p2/1p1p2rp/4pN2/2P1P3/P2QB2P/1PP2PP1/3R1RK1 w - - 1 19,g1h2,blunder,d7f5 e4f5 g6g2 h2h1 g2f2 h1g1 f2g2,discoveredAttack,1600-1999,1888,89,discoveredAttack sacrifice veryLong,https://lichess.org/9Mwt6YiM#37,https://lichess.org/training/cSrI3,ok
blunder,GHKW3,5rk1/pp4pp/1q3n2/4n3/8/1P1Q2P1/P1P2PBP/RN4K1 w - - 1 18,d3e2,blunder,f6g4 b1d2 f8f2,discoveredAttack,1600-1999,1724,90,discoveredAttack short,https://lichess.org/ZEiSlBXP#35,https://lichess.org/training/GHKW3,ok
blunder,DkWoC,1k5r/1pnq2p1/p5p1/8/2QnN3/7P/PP3PP1/1BR3K1 w - - 2 26,c1d1,blunder,d4f3 g2f3 d7d1,discoveredAttack,1600-1999,1654,98,discoveredAttack short,https://lichess.org/yAne4nZQ#51,https://lichess.org/training/DkWoC,ok
blunder,Bve5u,r3r1k1/p6p/2p3pq/4Qn2/4P3/1RN2P2/PPP2P1P/R5K1 w - - 1 21,e5c5,blunder,h6g5 g1f1 f5g3 h2g3 g5c5,discoveredAttack,1600-1999,1843,100,discoveredAttack long,https://lichess.org/BC1e9Yhe#41,https://lichess.org/training/Bve5u,ok
blunder,UiGBO,5r1k/1p4pp/p7/4N2r/2PP1q2/1Q6/P4PKP/R4R2 w - - 3 26,e5f3,blunder,f4g4 g2h1 f8f3 a1e1 g7g6 e1e8 h8g7,discoveredAttack,2000+,2150,136,deflection discoveredAttack quietMove veryLong,https://lichess.org/D0WJyNSJ#51,https://lichess.org/training/UiGBO,ok
blunder,QaBan,2r3kb/ppq1p2p/3p1npB/3P4/2rN4/5P2/PPPQ2P1/1K1R3R b - - 0 21,f6d5,blunder,d4b5 c7c5 d2d5 c5d5 d1d5,discoveredAttack,2000+,2142,77,discoveredAttack long,https://lichess.org/Gae7vzLL/black#42,https://lichess.org/training/QaBan,ok
blunder,AWANh,n4r2/1p4kp/p2p2p1/8/4qp1Q/1P2B2P/P1P5/4R1K1 b - - 1 33,f8e8,blunder,e3f2 a8c7 e1e4,discoveredAttack,2000+,2053,136,discoveredAttack quietMove short,https://lichess.org/KEUZSoTJ/black#66,https://lichess.org/training/AWANh,ok
blunder,KbBgb,r2q2rk/3nbpR1/2p2n1B/p2p4/3P3Q/P4P1P/1pPK1P2/6R1 b - - 1 23,f6h7,blunder,g7h7 h8h7 h6g5 h7g6 g5e7,discoveredAttack,2000+,2067,148,discoveredAttack exposedKing kingsideAttack long sacrifice,https://lichess.org/ji84ii3c/black#46,https://lichess.org/training/KbBgb,ok
blunder,WPUh0,r4rk1/p1q2p2/1p1bp1pp/2n5/2p5/4PPB1/PPQ2P1P/1BR2RK1 b - - 0 18,c5d3,blunder,c2d3 c4d3 c1c7 d6c7 g3c7 a8c8 c7e5,discoveredAttack,2000+,2107,84,defensiveMove discoveredAttack veryLong xRayAttack,https://lichess.org/ZE07h6HG/black#36,https://lichess.org/training/WPUh0,ok
blunder,Ho6kI,8/4p3/1K1bB3/3P1Q2/3k2Pp/8/8/8 w - - 5 62,f5f4,blunder,d6f4 g4g5 f4g5 d5d6 e7d6,hangingPiece,<1200,1129,139,hangingPiece long,https://lichess.org/AJN84S8U#123,https://lichess.org/training/Ho6kI,ok
blunder,N9AQe,r2b3k/pp1b2rN/2n1p3/3pP1N1/2pP1q2/2P5/PP3PQP/1K1R1BR1 w - - 3 25,g5f7,blunder,f4f7 g2g7 f7g7 g1g7 h8g7,hangingPiece,<1200,914,359,hangingPiece long,https://lichess.org/e8RLRhzG#49,https://lichess.org/training/N9AQe,ok
blunder,9AKhQ,4r1k1/p2q1ppp/1p6/8/3p1B2/3R1P2/P1Q3PP/4b2K b - - 3 23,e1f2,blunder,c2f2 d7f5 d3d4 f5b1 f2g1,hangingPiece,<1200,1059,217,capturingDefender hangingPiece long,https://lichess.org/K3KxD3dw/black#46,https://lichess.org/training/9AKhQ,ok
blunder,Ih8vK,r4rk1/pp1bq3/4p1p1/2P2pN1/5P2/3QP1P1/PP4K1/R4R2 b - - 0 23,e7c5,blunder,d3d7 c5d5 d7d5,hangingPiece,<1200,1104,203,hangingPiece short,https://lichess.org/T91CkK5B/black#46,https://lichess.org/training/Ih8vK,ok
blunder,fPuPa,r2r2k1/5pp1/p2b1n1p/1p2N3/5B2/P7/1P3PPP/2RR2K1 w - - 2 20,e5f7,blunder,d6f4 f7d8 f4c1 d1c1 a8d8,hangingPiece,<1200,1063,206,hangingPiece long,https://lichess.org/A2yMTKfh#39,https://lichess.org/training/fPuPa,ok
blunder,D1QwX,4r3/3Rrkp1/pp2Nn2/2p2P2/2P3P1/1P1R1K2/P7/8 w - - 6 38,d7b7,blunder,e7b7 e6d8 e8d8,hangingPiece,1200-1599,1392,111,hangingPiece short,https://lichess.org/NPvr3pBR#75,https://lichess.org/training/D1QwX,ok
blunder,CN4SM,2r3kr/5pp1/b2q4/p1pn2p1/1p4Q1/5N1P/PP3PP1/3RR1K1 w - - 0 24,g4c8,blunder,a6c8 e1e8 g8h7 f3g5 h7g6,hangingPiece,1200-1599,1325,210,hangingPiece long,https://lichess.org/EmCkDQAj#47,https://lichess.org/training/CN4SM,ok
blunder,PVLMG,3r2k1/pp1b2p1/5p1p/8/3nrP1q/2Q4P/PBP2RB1/5RK1 b - - 3 23,d7b5,blunder,g2e4 d4e2 f2e2,hangingPiece,1200-1599,1255,123,hangingPiece short,https://lichess.org/71L9PIZ6/black#46,https://lichess.org/training/PVLMG,ok
blunder,g3RQI,8/6pp/4kp2/1r6/1BK2PP1/4P2P/8/8 b - - 2 46,b5b4,blunder,c4b4 e6d5 b4c3 d5e4 c3d2,hangingPiece,1200-1599,1240,273,defensiveMove hangingPiece long,https://lichess.org/6NoPfDbx/black#92,https://lichess.org/training/g3RQI,ok
blunder,Pop5l,3r2k1/1pp3pp/1n2Pr2/p5Q1/P3R3/3p1R1P/2q3P1/7K b - - 1 31,f6f3,blunder,g5d8 f3f8 e6e7 c2b1 h1h2,hangingPiece,1200-1599,1367,97,advancedPawn hangingPiece long,https://lichess.org/7tKYLhgb/black#62,https://lichess.org/training/Pop5l,ok
blunder,btNu3,2r1r2k/6pp/8/p7/2PRb3/1P4B1/q5PP/3R1Q1K w - - 0 34,g3e5,blunder,e8e5 d4d8 e5e8 d8c8 e8c8,hangingPiece,1600-1999,1787,101,hangingPiece long,https://lichess.org/0s1y5Hnw#67,https://lichess.org/training/btNu3,ok
blunder,PudbJ,8/8/8/1P2Kp2/8/1n6/1P2k3/8 b - - 1 56,b3d4,blunder,e5d4 f5f4 b5b6 f4f3 b6b7 f3f2 b7b8q f2f1q b8b5,hangingPiece,1600-1999,1742,77,advancedPawn hangingPiece promotion veryLong,https://lichess.org/UM5XiFLp/black#112,https://lichess.org/training/PudbJ,ok
blunder,gbh6x,r4rk1/pb1q1ppp/5B2/Pp6/1P1Q1N2/2N1n1P1/2P2bBP/R4R1K b - - 0 20,e3g2,blunder,d4d7 g2f4 d7b7,hangingPiece,1600-1999,1715,178,hangingPiece short,https://lichess.org/RQaQYTim/black#40,https://lichess.org/training/gbh6x,ok
blunder,HNwKQ,2Qr2k1/3Pq2p/p5p1/2N2p2/2P5/1P5P/r5P1/3R1K2 w - - 0 34,c8d8,blunder,e7d8 c5e6 a2a1 d1a1 d8d7,hangingPiece,1600-1999,1801,139,deflection hangingPiece long,https://lichess.org/9mJiwFfg#67,https://lichess.org/training/HNwKQ,ok
blunder,3D5qh,3rr1k1/p5b1/1pP3Qp/1P1p4/6b1/4q1N1/P4RPP/5RK1 b - - 2 36,e8f8,blunder,g6g4 f8f2 f1f2,hangingPiece,1600-1999,1636,103,hangingPiece short,https://lichess.org/jCKpAE73/black#72,https://lichess.org/training/3D5qh,ok
blunder,yndYH,7r/p1pk2p1/2p3qp/8/Q1P1p3/B3RbP1/P2r1P1P/4R1K1 w - - 1 26,e3f3,blunder,e4f3 a4a5 d2e2 e1d1 d7e8,hangingPiece,2000+,2107,105,defensiveMove hangingPiece long,https://lichess.org/XsEP3cnu#51,https://lichess.org/training/yndYH,ok
blunder,nQrj7,8/7P/6K1/3kbP2/2R3P1/8/8/7r w - - 19 61,c4e4,blunder,d5e4 f5f6 e4d5 g4g5 d5e6,hangingPiece,2000+,2304,100,hangingPiece long,https://lichess.org/Kc8VKTHl#121,https://lichess.org/training/nQrj7,ok
blunder,vjKgz,r3r3/pp3Qp1/qk6/2p1b1B1/P7/1P1P3R/6PP/R5K1 w - - 1 25,g2g4,blunder,e5a1 f7g6 b6c7 g5f4 c7d8,hangingPiece,2000+,2253,133,defensiveMove hangingPiece long,https://lichess.org/UUmeC50b#49,https://lichess.org/training/vjKgz,ok
blunder,Wf71P,4r3/pp3n1k/4pN1p/5q2/2r4Q/P7/1PP5/1K5R b - - 12 33,h7g7,blunder,f6e8 g7f8 h4c4,hangingPiece,2000+,2016,75,hangingPiece short,https://lichess.org/opLtZuEA/black#66,https://lichess.org/training/Wf71P,ok
blunder,4Kz11,5qBk/1p6/3bQr1p/1P1P4/2Pp1p2/3Pn3/7P/R5RK w - - 0 40,e6f6,blunder,f8f6 a1a8 h6h5 g8f7 h8h7,hangingPiece,2000+,2362,101,defensiveMove hangingPiece long quietMove,https://lichess.org/Twlvv15Q#79,https://lichess.org/training/4Kz11,ok
blunder,I7N9M,6k1/pp1P1p2/5qp1/2P5/3r3p/7P/3R2P1/2Q4K b - - 2 39,f6g5,blunder,d2d4 g5c1 h1h2 g8g7 d7d8q,sacrifice,<1200,806,382,advancedPawn long promotion sacrifice,https://lichess.org/0P2Bwf0b/black#78,https://lichess.org/training/I7N9M,ok
blunder,nBP6h,8/4k2p/4P1p1/2PK4/8/p7/7P/B1b5 b - - 0 44,c1b2,blunder,c5c6 b2a1 c6c7,sacrifice,<1200,1164,227,advancedPawn bishopEndgame sacrifice short,https://lichess.org/9p9AlC6K/black#88,https://lichess.org/training/nBP6h,ok
blunder,xafwP,3r4/2p1p1k1/pp1rPp2/6p1/8/2N1Q1R1/PPP2P1q/5KR1 w - - 0 31,g3h3,blunder,d6d1 c3d1 d8d1 f1e2 h2g1,sacrifice,<1200,1041,98,deflection long sacrifice,https://lichess.org/AUEKWpE0#61,https://lichess.org/training/xafwP,ok
blunder,ZoVkC,4R3/2pr1pk1/1b3qp1/p5Qp/P1B2P2/1P3PKP/3r4/4R3 w - - 3 38,e8g8,blunder,g7g8 g5f6 b6f2,sacrifice,<1200,1135,311,sacrifice short,https://lichess.org/AjRGx62o#75,https://lichess.org/training/ZoVkC,ok
blunder,2GLK3,3K4/8/p1bB4/2P5/1P6/7p/6k1/8 b - - 3 53,h3h2,blunder,d6h2 g2h2 d8c7,sacrifice,<1200,1035,234,bishopEndgame sacrifice short,https://lichess.org/jCxau1EV/black#106,https://lichess.org/training/2GLK3,ok
blunder,Peezt,2b3k1/3q1pp1/1p4rp/2bpP3/1N2n3/P3PN1P/1BQ2PPK/5R2 w - - 10 26,f1d1,blunder,g6g2 h2g2 d7h3,sacrifice,1200-1599,1449,95,attraction sacrifice short,https://lichess.org/kna1a4mw#51,https://lichess.org/training/Peezt,ok
blunder,Swtbk,8/8/3k4/7P/2PB3K/1p2P3/8/2b5 w - - 0 49,h4g5,blunder,c1e3 d4e3 b3b2 e3d4 b2b1q,sacrifice,1200-1599,1278,107,advancedPawn bishopEndgame long promotion sacrifice,https://lichess.org/n2YJHFfJ#97,https://lichess.org/training/Swtbk,ok
blunder,b1XhU,2r4k/3b1pqp/6p1/1p2p3/1P2P3/3Q4/6PP/B2R2K1 b - - 1 27,d7e6,blunder,d3d8 c8d8 d1d8 g7f8 d8f8,sacrifice,1200-1599,1463,77,long sacrifice,https://lichess.org/sVT95Uev/black#54,https://lichess.org/training/b1XhU,ok
blunder,zfDqT,3r4/p1p2k1p/5Pp1/4b3/5P2/2p1P3/PnR3PP/5RK1 b - - 0 29,d8d2,blunder,f4e5 d2c2 e5e6 f7e6 f6f7,sacrifice,1200-1599,1540,98,advancedPawn long sacrifice,https://lichess.org/NJUevDJF/black#58,https://lichess.org/training/zfDqT,ok
blunder,eh43N,5r1r/1kpqppbp/1p1p2p1/p5N1/2NPPn1P/R1P5/PP4P1/2K2Q1R b - - 2 20,d7g4,blunder,c4a5 b6a5 f1b5,sacrifice,1200-1599,1544,75,clearance sacrifice short,https://lichess.org/UGNphEJa/black#40,https://lichess.org/training/eh43N,ok
blunder,Wu7FE,r2q2k1/p1p3pp/2pb4/3p1rn1/3P4/2P1BP1P/PP4P1/RN1Q1RK1 w - - 0 14,d1d3,blunder,g5h3 g2h3 d8h4,sacrifice,1600-1999,1769,146,clearance kingsideAttack sacrifice short,https://lichess.org/2i8cp0sq#27,https://lichess.org/training/Wu7FE,ok
blunder,whCaO,8/p7/1b6/3pk1K1/3p4/1R3BP1/PP3rP1/8 w - - 1 38,b3b5,blunder,f2f3 g2f3 d4d3,sacrifice,1600-1999,1849,75,sacrifice short,https://lichess.org/bXcPv5Py#75,https://lichess.org/training/whCaO,ok
blunder,4T0k6,1k3b1r/2pb1Rpp/Q1np4/1N6/P7/4q2P/1PP3P1/R6K b - - 1 21,c6e5,blunder,f7d7 e5d7 a6c6 e3c5 c6d7,sacrifice,1600-1999,1872,188,long sacrifice,https://lichess.org/xyrsiskd/black#42,https://lichess.org/training/4T0k6,ok
blunder,xwfGc,4r2r/p7/2p5/4k3/4p1P1/2P1RpKP/PP6/3R4 w - - 8 33,d1d4,blunder,h8h3 g3h3 e5f4 e3e4 e8e4,sacrifice,1600-1999,1874,87,long rookEndgame sacrifice,https://lichess.org/ucH8QmWn#65,https://lichess.org/training/xwfGc,ok: tough
blunder,wN3OR,6k1/5ppp/p3p1b1/8/PPP5/5P2/3K2PP/8 b - - 0 28,g8f8,blunder,b4b5 a6b5 a4a5 b5c4 a5a6,sacrifice,1600-1999,1999,76,bishopEndgame long quietMove sacrifice,https://lichess.org/nAOdxLbK/black#56,https://lichess.org/training/wN3OR,ok
blunder,H9bhP,5k2/3K4/2p1P1p1/8/1P6/8/4r2p/7R b - - 2 44,g6g5,blunder,h1h2 e2h2 e6e7 f8g7 e7e8q,sacrifice,2000+,2153,136,advancedPawn deflection exposedKing long promotion rookEndgame sacrifice,https://lichess.org/Yqh7dqsR/black#88,https://lichess.org/training/H9bhP,ok
blunder,cjOIr,2r4k/5Qp1/p7/1p1R3p/6n1/2P1P3/PP2K1q1/3R4 w - - 0 32,e2d3,blunder,g4e5 d5e5 c8d8 f7d5 d8d5,sacrifice,2000+,2090,79,long sacrifice,https://lichess.org/naU8LJEv#63,https://lichess.org/training/cjOIr,ok
blunder,Y8thD,2r2rk1/1pqn4/p1p1p2p/3p2p1/2PP4/P1RQP2P/1P2BBPb/4R1K1 w - - 1 23,g1f1,blunder,f8f2 f1f2 c7g3 f2f1 c8f8 e2f3 f8f3,sacrifice,2000+,2063,114,attraction sacrifice veryLong,https://lichess.org/4ZFA5tQu#45,https://lichess.org/training/Y8thD,ok
blunder,ef8gv,2k2r2/prp3RR/8/3p2p1/3q4/3N4/PP6/1K1Q4 w - - 0 35,d1c2,blunder,b7b2 d3b2 f8f1 c2d1 f1d1 b2d1 d4d1,sacrifice,2000+,2271,76,sacrifice veryLong,https://lichess.org/95rLyCZL#69,https://lichess.org/training/ef8gv,ok
blunder,guLNp,2rq1rk1/1b1nbppp/p1n1p3/1pppN1P1/2PP1P2/PP1BP3/1B1N3P/R2Q1RK1 b - - 0 14,b5c4,blunder,d3h7 g8h7 d1h5 h7g8 f1f3,sacrifice,2000+,2335,85,attraction defensiveMove kingsideAttack long sacrifice,https://lichess.org/UojVlvua/black#28,https://lichess.org/training/guLNp,ok
blunder,5aBg7,8/4R1pp/5p2/p7/6P1/P1p5/5P2/1k2K3 w - - 2 46,e1d1,blunder,c3c2 d1e2 c2c1q,promotion,<1200,700,259,advancedPawn deflection promotion rookEndgame short,https://lichess.org/xl5HaMRu#91,https://lichess.org/training/5aBg7,ok
blunder,Rzsa2,r6r/p3Qp2/3P1pkp/q2np3/6P1/P6P/1P1B1P2/1K1R3R b - - 2 24,a5d2,blunder,d1d2 d5e7 d6e7,promotion,<1200,1196,80,advancedPawn short,https://lichess.org/BeCgrNhW/black#48,https://lichess.org/training/Rzsa2,ok
blunder,6kJRz,4k3/7p/2P5/3K4/5p2/8/7P/8 w - - 0 56,d5d6,blunder,e8d8 d6e5 f4f3 e5d4 f3f2,promotion,<1200,1107,235,advancedPawn long pawnEndgame,https://lichess.org/2xaX0P9d#111,https://lichess.org/training/6kJRz,ok
blunder,gqtj3,3r2k1/2R2rpp/3P4/n3pp2/8/5P2/4N1PP/3R2K1 b - - 0 30,f7c7,blunder,d6c7 d8d1 g1f2 a5b7 c7c8q,promotion,<1200,1139,246,advancedPawn long promotion,https://lichess.org/ubpUSMt1/black#60,https://lichess.org/training/gqtj3,ok
blunder,XAIQl,6k1/1p3pp1/6p1/4P3/1p3B2/rR2K3/7P/8 w - - 2 38,b3a3,blunder,b4a3 e3d3 a3a2,promotion,<1200,1121,196,advancedPawn short,https://lichess.org/FsGGJu7M#75,https://lichess.org/training/XAIQl,ok
blunder,EmkNx,1r3b2/3P1pk1/1P5p/2P3p1/5p2/1p5P/3R1PP1/6K1 b - - 0 40,f8e7,blunder,c5c6 b8b6 c6c7,promotion,1200-1599,1344,116,advancedPawn short,https://lichess.org/MB23kGcn/black#80,https://lichess.org/training/EmkNx,ok
blunder,3x3ko,8/7p/2p5/2Ppk3/pP2p2P/P1P5/5K2/8 b - - 0 36,e5f4,blunder,b4b5 c6b5 c5c6 f4f5 c6c7,promotion,1200-1599,1294,84,advancedPawn long pawnEndgame,https://lichess.org/yCHxskk2/black#72,https://lichess.org/training/3x3ko,ok
blunder,3GTJR,8/p1p2k2/2p5/8/P4rpp/1PB5/2P3K1/4R3 w - - 0 34,e1f1,blunder,h4h3 g2g1 h3h2 g1h2 f4f1,promotion,1200-1599,1456,75,advancedPawn deflection exposedKing long,https://lichess.org/LUAVnWMz#67,https://lichess.org/training/3GTJR,ok
blunder,bXjus,6R1/8/4kp2/8/1p2P1PP/8/5K2/7r w - - 2 41,h4h5,blunder,b4b3 f2g2 b3b2,promotion,1200-1599,1552,78,advancedPawn rookEndgame short,https://lichess.org/uxcHykhX#81,https://lichess.org/training/bXjus,ok
blunder,2KJ9W,8/7k/p2P4/1p2Q2p/P1q5/2P2p2/2K5/8 b - - 2 46,c4e2,blunder,e5e2 f3e2 c2d2 b5a4 d6d7,promotion,1200-1599,1527,75,advancedPawn long queenEndgame,https://lichess.org/NqQqXAe0/black#92,https://lichess.org/training/2KJ9W,ok
blunder,TqVLd,8/8/N2p1k2/P2Pp2p/2K2pp1/3P1n2/6PP/8 w - - 0 43,g2f3,blunder,g4g3 a6c5 g3g2,promotion,1600-1999,1854,99,advancedPawn knightEndgame short,https://lichess.org/rZsPj8YZ#85,https://lichess.org/training/TqVLd,ok
blunder,FrS1u,4r1k1/1p3p1p/1Np3p1/8/2Nr4/P6P/1Pb1p1PK/R3R3 w - - 2 29,a1c1,blunder,d4d1 c1d1 e2d1q e1d1 c2d1,promotion,1600-1999,1835,130,advancedPawn long promotion,https://lichess.org/gIhvpetq#57,https://lichess.org/training/FrS1u,ok
blunder,JRHBf,8/7p/7P/8/Pp1p4/4pk2/1PP1Rb2/3K4 w - - 0 50,a4a5,blunder,b4b3 a5a6 b3c2 e2c2 d4d3,promotion,1600-1999,1847,312,advancedPawn long,https://lichess.org/TdEIVCtK#99,https://lichess.org/training/JRHBf,ok
blunder,NNQ5n,8/8/p3B3/8/p1pk1P2/8/6K1/8 w - - 0 47,g2f2,blunder,a4a3 f4f5 a3a2,promotion,1600-1999,1710,106,advancedPawn bishopEndgame short,https://lichess.org/qUfB19ZS#93,https://lichess.org/training/NNQ5n,ok
blunder,2oj9Z,8/K7/PP1n4/1k6/8/8/8/8 b - - 0 49,b5c6,blunder,a7b8 c6b6 a6a7 b6c5 a7a8q,promotion,1600-1999,1824,217,advancedPawn knightEndgame long promotion,https://lichess.org/OB16ADQy/black#98,https://lichess.org/training/2oj9Z,ok
blunder,4F096,8/3B4/8/1Pk5/5p2/4p3/3p4/4K3 w - - 0 56,e1e2,blunder,f4f3 e2d1 f3f2 d7h3 c5b5,promotion,2000+,2028,83,advancedPawn bishopEndgame long,https://lichess.org/2XHTzhkb#111,https://lichess.org/training/4F096,ok
blunder,WtvUI,r1b2rk1/pp4qR/2p1p1P1/4n3/8/2NBQP2/PPP2P2/2K5 b - - 1 19,e5d3,blunder,e3d3 g7f6 g6g7 f6g5 f3f4,promotion,2000+,2399,117,advancedPawn long,https://lichess.org/9KIVAAL9/black#38,https://lichess.org/training/WtvUI,ok
blunder,LSLiL,3b4/8/2P3N1/p6P/1k6/3K1p2/8/8 b - - 0 55,a5a4,blunder,h5h6 a4a3 c6c7 f3f2 d3e2 d8c7 h6h7 b4b3 h7h8q,promotion,2000+,2353,103,advancedPawn promotion veryLong,https://lichess.org/WpYFcdK0/black#110,https://lichess.org/training/LSLiL,ok
blunder,VeBYK,8/R7/P4k2/1PN2p2/2KP1n2/6p1/5r2/8 w - - 0 50,a7a8,blunder,g3g2 c5d7 f6g7,promotion,2000+,2209,113,advancedPawn defensiveMove short,https://lichess.org/SEGREBQ4#99,https://lichess.org/training/VeBYK,ok
blunder,xqOnt,rr6/5kPp/3q2p1/p2p4/P1p1p2Q/4P3/K1PP2R1/6R1 b - - 0 33,d6b4,blunder,g7g8q b8g8 h4h7 f7e8 h7g8,promotion,2000+,2195,132,advancedPawn attraction deflection long promotion,https://lichess.org/FhOOvURr/black#66,https://lichess.org/training/xqOnt,ok
blunder,cjwQu,1r4k1/p2q1pp1/2nNp2p/2P5/8/2Q5/P5PP/5RK1 b - - 10 34,a7a5,blunder,f1f7 d7f7 d6f7 b8b1 g1f2,defensive,<1200,1055,76,defensiveMove long,https://lichess.org/RTGnS2za/black#68,https://lichess.org/training/cjwQu,ok
blunder,jokS6,8/5p2/4p3/K2pPk2/3P4/1P6/8/8 b - - 0 48,f5e4,blunder,b3b4 e4d4 b4b5 d4c3 b5b6,defensive,<1200,1062,102,long pawnEndgame quietMove,https://lichess.org/kZTKE47P/black#96,https://lichess.org/training/jokS6,ok
blunder,5sNqK,4k3/R2r1p2/6p1/6P1/5K2/8/8/8 w - - 26 64,a7d7,blunder,e8d7 f4e5 d7e7,defensive,<1200,935,139,defensiveMove short,https://lichess.org/inPK4Unu#127,https://lichess.org/training/5sNqK,ok
blunder,Dz7GB,1r6/7P/8/8/6P1/5P2/1k6/6K1 b - - 0 45,b2c3,blunder,g4g5 b8h8 g5g6,defensive,<1200,1134,198,quietMove rookEndgame short,https://lichess.org/bwIKdqTf/black#90,https://lichess.org/training/Dz7GB,ok
blunder,RjXv7,8/8/R7/8/6k1/p5P1/r7/5K2 w - - 1 45,a6g6,blunder,g4f3 g6f6 f3g3,defensive,<1200,1145,208,defensiveMove rookEndgame short,https://lichess.org/X4qu9lV2#89,https://lichess.org/training/RjXv7,ok
blunder,4ZUEy,2R3k1/1r4p1/3r1pp1/R7/1N2pP2/3bK1P1/7P/8 b - - 2 39,g8h7,blunder,a5a8 g6g5 f4f5 g7g6 c8h8 h7g7 a8g8,defensive,1200-1599,1480,251,quietMove veryLong,https://lichess.org/mMGfWDLP/black#78,https://lichess.org/training/4ZUEy,ok
blunder,YS7er,8/8/2k5/p2p2p1/P2K2P1/8/1P6/8 w - - 4 41,d4e5,blunder,c6c5 e5f5 d5d4 f5e4 c5c4,defensive,1200-1599,1246,109,defensiveMove long pawnEndgame quietMove,https://lichess.org/Cww0pjsM#81,https://lichess.org/training/YS7er,ok
blunder,8HvG6,6k1/1R4pp/2p1p3/2P1P3/3Pp3/P2b2Q1/6KP/3qBr2 b - - 3 35,d1c2,blunder,e1f2 f1g1 g2g1 c2c1 f2e1,defensive,1200-1599,1405,188,defensiveMove long,https://lichess.org/2Ij8TPVz/black#70,https://lichess.org/training/8HvG6,ok
blunder,IodcF,6Q1/p7/3p1p2/5k2/8/8/P4PP1/2r1rNK1 w - - 21 43,g2g4,blunder,f5f4 g1g2 e1f1 g8a8 f1g1,defensive,1200-1599,1500,500,defensiveMove long,https://lichess.org/rKyzfxCZ#85,https://lichess.org/training/IodcF,ok
blunder,Vtink,8/2k1p3/p2pP3/2pP4/8/5KP1/8/8 b - - 0 48,c7b6,blunder,g3g4 c5c4 g4g5 b6c5 g5g6,defensive,1200-1599,1510,88,long pawnEndgame quietMove,https://lichess.org/GyqkC8V5/black#96,https://lichess.org/training/Vtink,ok
blunder,fPaxY,4r1k1/Rp5p/1Q4p1/1P3p2/4p2B/1q1n3P/1P3P2/6K1 w - - 5 31,a7b7,blunder,b3d1 g1h2 d3e5 b7g7 g8g7,defensive,1600-1999,1952,173,long quietMove,https://lichess.org/Litanmxl#61,https://lichess.org/training/fPaxY,ok
blunder,Lw37f,rn1qkb1r/1p3p2/p2pbn2/3Np1B1/4P3/8/PPP2PPP/R2QKB1R b KQkq - 0 11,d8a5,blunder,b2b4 a5d5 e4d5,defensive,1600-1999,1959,94,defensiveMove short,https://lichess.org/NI2PIJKt/black#22,https://lichess.org/training/Lw37f,ok
blunder,em6YB,2kr4/Qpp1R3/5pp1/8/2Pp1P2/P5q1/1P5r/RK6 b - - 3 26,h2h1,blunder,b1a2 h1a1 a2a1 g3e1 e7e1,defensive,1600-1999,1650,100,defensiveMove long,https://lichess.org/jV7Bjr2u/black#52,https://lichess.org/training/em6YB,ok
blunder,JszR5,8/8/3k1ppp/pp1P2P1/3K1P1P/8/1P6/8 b - - 0 39,h6g5,blunder,f4f5 g6f5 h4h5,defensive,1600-1999,1776,99,defensiveMove pawnEndgame short,https://lichess.org/NiOljmbo/black#78,https://lichess.org/training/JszR5,ok
blunder,cbCXd,8/5p2/4k1p1/7p/7P/6P1/5PK1/8 w - - 0 34,g2f3,blunder,e6f5 f3e2 f5g4 e2e3 f7f5,defensive,1600-1999,1874,92,defensiveMove long pawnEndgame,https://lichess.org/A5M9A6Xa#67,https://lichess.org/training/cbCXd,ok
blunder,kXHyV,8/2p4k/1p1p4/p2P1KP1/P7/2P5/8/8 b - - 1 44,h7g7,blunder,c3c4 b6b5 c4b5,defensive,2000+,2225,80,pawnEndgame quietMove short,https://lichess.org/LdDysJ8D/black#88,https://lichess.org/training/kXHyV,ok: these 2 are good for pawn endgames
blunder,yhcWi,8/8/1PK5/3p1k2/8/4R3/8/3r4 b - - 0 40,d5d4,blunder,e3b3 d1c1 c6d5 d4d3 b3d3,defensive,2000+,2275,113,defensiveMove long quietMove rookEndgame,https://lichess.org/WWYdF4ls/black#80,https://lichess.org/training/yhcWi,ok: cool dual use of the rook
blunder,SpIU1,8/p5p1/1p3kP1/1B6/1P1pR1KP/P1r1b3/8/8 b - - 4 44,c3a3,blunder,b5c4 f6g6 c4g8 e3g5 h4g5,defensive,2000+,2257,116,long quietMove,https://lichess.org/JgbEs0zg/black#88,https://lichess.org/training/SpIU1,ok
blunder,NbWHy,8/n3kp1p/P2pp1p1/1P6/2K5/5P1P/5P2/8 b - - 0 36,e7d7,blunder,b5b6 a7c8 c4b5,defensive,2000+,2156,83,defensiveMove knightEndgame short,https://lichess.org/FppfqGiD/black#72,https://lichess.org/training/NbWHy,ok
blunder,hRrkU,8/8/8/1P1K1k2/5b2/7p/7B/8 w - - 4 50,h2g1,blunder,f5g4 d5e4 f4c7,defensive,2000+,2251,123,bishopEndgame defensiveMove short,https://lichess.org/jv7L7XM0#99,https://lichess.org/training/hRrkU,ok
blunder,iMsaR,4r3/pp4k1/2p3q1/3p1pp1/3P4/4P2Q/PPP3K1/7R b - - 0 27,e8e4,blunder,h3h8 g7f7 h1h7 g6h7 h8h7,other,<1200,1120,136,exposedKing long,https://lichess.org/Lt6HSdDk/black#54,https://lichess.org/training/iMsaR,ok
blunder,lNqzy,5r2/6k1/ppb1qbp1/2p1p2r/4P3/2NPBR1P/PP4Q1/5RK1 w - - 4 28,f3f5,blunder,h5f5 e4f5 c6g2,other,<1200,1153,155,short,https://lichess.org/zOpZ8jVJ#55,https://lichess.org/training/lNqzy,ok
blunder,2Cnir,r5k1/1r2b1pp/p1R2p2/8/1P1B4/P4P1P/8/2R3K1 b - - 1 32,a6a5,blunder,c6c8 a8c8 c1c8 g8f7 b4a5,other,<1200,1114,197,long,https://lichess.org/dx7I4cI0/black#64,https://lichess.org/training/2Cnir,ok
blunder,Jpv1l,7k/p5p1/8/6p1/3Q4/1PP2K1P/r5r1/8 b - - 1 32,a2f2,blunder,d4f2 g2f2 f3f2,other,<1200,770,265,queenRookEndgame short,https://lichess.org/4OzLY6MJ/black#64,https://lichess.org/training/Jpv1l,ok
blunder,g8ZiM,8/1pp2p1k/pn1p1p1p/3Pp3/2P1P1r1/2N4q/PP3Q1N/R6K b - - 0 20,b6c4,blunder,f2f5 h7g7 f5g4 h3g4 h2g4,other,<1200,950,86,long,https://lichess.org/OoSmsMfD/black#40,https://lichess.org/training/g8ZiM,ok
blunder,zqOd6,8/pp3r1k/3Q2pp/4p1qn/1P2Pn2/P1P1NP1P/5RPK/3R4 w - - 3 28,g2g4,blunder,g5h4 f2g2 h4h3,other,1200-1599,1335,199,short,https://lichess.org/7GyVoTa3#55,https://lichess.org/training/zqOd6,ok
blunder,RFiPT,4r1k1/pqp1rpp1/1p2bn1p/8/3P4/P2Q2NP/1PB2PP1/3RR1K1 w - - 4 26,g3f5,blunder,e6f5 e1e7 f5d3 e7e8 f6e8,other,1200-1599,1379,76,long,https://lichess.org/ctCcJxOX#51,https://lichess.org/training/RFiPT,ok
blunder,lD0lt,6k1/1r3pp1/5b1p/p7/1p6/P5BP/1P1r1PP1/1R2R1K1 w - - 6 28,g3e5,blunder,f6e5 e1e5 b4a3,other,1200-1599,1509,126,short,https://lichess.org/0Lxc9PCg#55,https://lichess.org/training/lD0lt,ok: only one category when pin threat also
blunder,pJzBI,1r1r4/5RQp/pkp5/3P4/4P3/1P6/PKPq2PP/8 b - - 0 37,c6c5,blunder,f7f6 b6b5 a2a4,other,1200-1599,1294,102,short,https://lichess.org/fs84g7Ju/black#74,https://lichess.org/training/pJzBI,ok: only 1cat
blunder,BcdvB,r4rk1/p2b2pp/2pQp3/1p2B3/3P1n2/P2B3P/5qPK/1R1R4 w - - 2 29,e5f4,blunder,f2f4 d6f4 f8f4,other,1200-1599,1359,78,short,https://lichess.org/SVdAPOra#57,https://lichess.org/training/BcdvB,ok
blunder,XADNm,1r3rk1/5ppp/1pp5/3p3q/p2P4/1Q1NP1P1/PP2bPP1/R3R1K1 w - - 0 21,d3f4,blunder,a4b3 f4h5 e2h5,other,1600-1999,1645,167,short,https://lichess.org/PgLVkuL3#41,https://lichess.org/training/XADNm,ok
blunder,akAk4,8/7k/1n2q1pp/4Pp2/2pQ1P2/1N1p4/rP3P1P/2R3K1 w - - 1 41,b3c5,blunder,e6d5 d4d5 b6d5,other,1600-1999,1901,207,short,https://lichess.org/4vBYDFPP#81,https://lichess.org/training/akAk4,ok
blunder,51bF6,8/8/4k3/6p1/4KpP1/7P/8/8 w - - 4 49,e4f3,blunder,e6e5 h3h4 g5h4 g4g5 h4h3,other,1600-1999,1648,174,long pawnEndgame,https://lichess.org/AMTsbdwz#97,https://lichess.org/training/51bF6,ok
blunder,jU61o,r2r1k2/p3p1bp/1pn1P1p1/3N1pB1/8/5P1P/PP3P2/2RR2K1 b - - 6 22,a8c8,blunder,c1c6 c8c6 g5e7,other,1600-1999,1852,84,short,https://lichess.org/BZ7NbGI8/black#44,https://lichess.org/training/jU61o,ok: also removing defender into fork
blunder,IEO9U,8/p4N1k/1p6/3nK1p1/4p3/2P3Q1/3q2PP/8 b - - 2 36,d2f4,blunder,g3f4 g5f4 e5d5,other,1600-1999,1774,75,short,https://lichess.org/HoApfzte/black#72,https://lichess.org/training/IEO9U,ok
blunder,kNXTv,2rr1bk1/p5p1/7p/1q3p1N/4n3/P1B4Q/1P3PPP/1R1R2K1 w - - 6 27,c3d4,blunder,d8d4 d1d4 b5b2 b1f1 b2d4,other,2000+,2087,96,attraction long,https://lichess.org/DJqVHe5Z#53,https://lichess.org/training/kNXTv,ok
blunder,0PdqJ,3r2k1/ppp1npp1/3r1q1p/3Rp3/2P5/1PQ1PB2/P4PPP/5RK1 w - - 5 18,d5e5,blunder,e7g6 e5e8 d8e8,other,2000+,2146,90,short,https://lichess.org/xTyyQZU5#35,https://lichess.org/training/0PdqJ,ok
blunder,0F0X2,2r1r1k1/ppp2ppp/2q2n2/2b1B3/5Q2/2N5/PPP2PPP/3RR1K1 w - - 3 16,c3e4,blunder,f6e4 f4e4 c6e4 e1e4 f7f6,other,2000+,2019,78,long,https://lichess.org/lwX97DMf#31,https://lichess.org/training/0F0X2,ok
blunder,oNdUC,2K5/8/3k1pP1/3P1n2/3PB3/8/7p/8 w - - 0 40,e4g2,blunder,f5e7 c8b7 e7g6,other,2000+,2008,90,short,https://lichess.org/gN1hQNAa#79,https://lichess.org/training/oNdUC,ok: 1cat also endgame or fork
blunder,BaYNY,8/8/R7/1p6/p4kP1/7K/1r5P/8 w - - 2 42,a6a5,blunder,f4g5 a5a7 b2b3,other,2000+,2305,113,rookEndgame short,https://lichess.org/gIm0ITOY#83,https://lichess.org/training/BaYNY,ok: King tactics not covered
best,qenum,2rqrbk1/1p1b1p2/p1n1pn1Q/3p2N1/3P4/2PB2NP/PP3PPK/R3R3 w - - 3 19,d3h7,best,f6h7 h6h7,mate,<1200,1102,227,kingsideAttack mate mateIn2 short,https://lichess.org/VXgb7xE0/black#36,https://lichess.org/training/qenum,ok
best,cxmCL,2r4r/1q1pbpk1/1n2pNp1/p3P3/PpP3Qn/1P4BP/5PP1/1B1RR1K1 b - - 9 28,b7g2,best,,mate,1200-1599,1237,223,kingsideAttack mate mateIn1 oneMove,https://lichess.org/fDgs0pxP#55,https://lichess.org/training/cxmCL,ok
best,FJ5da,2rqrnk1/6p1/bp2pp1p/p3N3/PbPPBP2/6R1/1BQ3PP/5RK1 w - - 0 21,e4h7,best,f8h7 g3g7 g8g7 c2g6 g7h8 e5f7,mate,1600-1999,1673,84,attraction kingsideAttack mate mateIn4 sacrifice veryLong,https://lichess.org/1nKqny2T/black#40,https://lichess.org/training/FJ5da,ok
best,NjfvP,6k1/R3R1p1/4n1K1/2n5/5pP1/6r1/8/8 w - - 2 44,e7g7,best,e6g7 a7a8 g7e8 a8e8,mate,2000+,2329,94,long mate mateIn3 sacrifice,https://lichess.org/9h78Pz0F/black#86,https://lichess.org/training/NjfvP,ok
best,dm9OL,5k2/2pr1pp1/1p5p/pPp3q1/8/6P1/4RP1P/4R1K1 w - - 0 34,e2e8,best,,mate,<1200,818,136,mate mateIn1 oneMove queenRookEndgame,https://lichess.org/zkKIlXiD/black#66,https://lichess.org/training/dm9OL,ok
best,RqeYp,4R3/p4kbp/6p1/1p3q2/5P2/2P3r1/PP1N2P1/2K1R3 w - - 2 28,e1e7,best,f7f6 d2e4 f5e4 e7e4,fork,1200-1599,1362,79,fork long,https://lichess.org/WTZy4pQe/black#54,https://lichess.org/training/RqeYp,ok
best,Wp2im,1r3rk1/3qpp1p/p2p1bp1/1ppN4/2P5/3P1Q2/PP3PPP/3RR1K1 w - - 2 17,f3f6,best,e7f6 d5f6 g8g7 f6d7 b8b7 d7f8,fork,1600-1999,1713,77,fork sacrifice veryLong,https://lichess.org/bKK5vOJ6/black#32,https://lichess.org/training/Wp2im,ok
best,qdUab,r7/1k4r1/p3RNp1/2p5/Qpn3b1/8/PPPq4/1K3B2 w - - 6 33,a4c6,best,b7a7 c6c5 a7b7 c5c6,fork,2000+,2477,80,fork long,https://lichess.org/dwgLUPkT/black#64,https://lichess.org/training/qdUab,ok
best,XC2KP,8/6kp/Qp4p1/2p5/P2pr3/1q2b2P/1B4P1/5R1K w - - 0 38,a6b7,best,g7h6 b7e4,fork,<1200,1138,226,fork short,https://lichess.org/HQcQT0yK/black#74,https://lichess.org/training/XC2KP,ok
best,1BnWr,1r6/5bk1/1q2pRp1/2P1PnPp/R2p2pP/3Q2P1/5BK1/8 b - - 0 35,b6c6,best,g2g1 c6a4,fork,1200-1599,1276,154,fork short,https://lichess.org/rBXucpZy#69,https://lichess.org/training/1BnWr,ok
best,EpVKU,5k2/p6R/6p1/2p3Qb/3p3P/1P1P1q2/2P2P2/5K2 b - - 3 33,f3h1,best,g5g1 h5e2 f1e2 h1g1,pin,1600-1999,1909,138,clearance deflection long pin,https://lichess.org/J13utaG9#65,https://lichess.org/training/EpVKU,ok
best,sVY2C,4r2k/pp4b1/6p1/7p/3Pq1bP/1Q4P1/PP1B1P2/R4RK1 b - - 0 21,g4h3,best,f2f3 e4e2 f1f2 g7d4 d2e1 e2f1 g1h2 e8e2,pin,2000+,2072,315,clearance pin veryLong,https://lichess.org/3Rt8ests#41,https://lichess.org/training/sVY2C,ok
best,GYMn8,8/1kr2rRp/1p3P1p/p2p4/P3p3/6RP/7K/8 w - - 5 45,g7f7,best,c7f7 g3g7 f7g7 f6g7,pin,<1200,1184,124,advancedPawn clearance long pin rookEndgame,https://lichess.org/J38VP87U/black#88,https://lichess.org/training/GYMn8,ok
best,GzEJi,r3kbnr/pp3ppp/1qn1p3/3p4/B2P1B2/2Q5/PPP2PPP/RN2K2R b KQkq - 5 9,f8b4,best,e1g1 b4c3,pin,1200-1599,1320,126,pin short,https://lichess.org/WogDF1VQ#17,https://lichess.org/training/GzEJi,ok
best,CFcb1,8/ppp4k/2np2pp/5Q2/3q4/P7/7P/5R1K w - - 0 29,f5d7,best,d4g7 f1f7 g7f7 d7f7,pin,1600-1999,1704,77,clearance long pin,https://lichess.org/5SALvXP1/black#56,https://lichess.org/training/CFcb1,ok
best,lehUL,8/8/2P1pk2/5p1p/1P1q1P2/1Q4K1/7P/8 b - - 0 50,d4g1,best,g3f3 g1f1 f3e3 f1h3 e3f2 h3b3,skewer,2000+,2079,144,queenEndgame skewer veryLong,https://lichess.org/ncmRqSbI#99,https://lichess.org/training/lehUL,ok
best,jdV3g,6k1/R5pp/2pBp3/3p4/3Pp3/2KbP3/5rPP/8 w - - 0 27,a7a8,best,g8f7 a8f8 f7g6 f8f2,skewer,<1200,1118,126,long skewer,https://lichess.org/V4MgkDEu/black#52,https://lichess.org/training/jdV3g,ok
best,sREhE,r2q3r/1pp2pk1/p2p2p1/3Pn1N1/4P2P/8/PP2QPP1/R3K2R b KQ - 0 16,d8g5,best,h4g5 h8h1 e1d2 h1a1,skewer,1200-1599,1417,85,long skewer,https://lichess.org/78xPSbzG#31,https://lichess.org/training/sREhE,ok
best,Bji8z,1r6/8/3k4/K2Pp2p/R3Pp2/5P2/7P/8 b - - 0 43,d6c5,best,a5a6 b8a8 a6b7 a8a4,skewer,1600-1999,1683,300,long rookEndgame skewer,https://lichess.org/QMOz3n88#85,https://lichess.org/training/Bji8z,ok
best,3hzja,8/2r5/R2K2kp/6p1/5p2/8/7P/8 w - - 0 47,d6c7,best,g6f5 a6h6 g5g4 h6h5 f5e4 h5g5 e4f3 c7d6,skewer,2000+,2334,98,defensiveMove deflection discoveredAttack hangingPiece rookEndgame skewer veryLong,https://lichess.org/E4MQf0YR/black#92,https://lichess.org/training/3hzja,ok
best,IWxIF,r1b4r/ppq1bkp1/2p2p1p/3pP3/5QP1/2N1P2P/PPP2P2/2KR3R w - - 0 18,e5e6,best,c8e6 f4c7,discoveredAttack,<1200,1114,147,discoveredAttack short,https://lichess.org/3bjWr3jr/black#34,https://lichess.org/training/IWxIF,ok
best,mjyfg,r4r2/3R1Nkp/1P4p1/4p3/3bP3/p6P/6P1/1R5K w - - 2 32,f7e5,best,g7f6 e5g4 f6e6 d7d4,discoveredAttack,1200-1599,1409,376,discoveredAttack long,https://lichess.org/EQeMed0O/black#62,https://lichess.org/training/mjyfg,ok
best,lBMOc,r4rk1/1ppB1ppp/3p4/p7/QP2P3/3q4/1P3PPP/RN4KR b - - 2 15,a5b4,best,d7b5 a8a4 b5d3 a4a1,discoveredAttack,1600-1999,1877,148,discoveredAttack long,https://lichess.org/2SpELgYI#29,https://lichess.org/training/lBMOc,ok
best,AtMSY,r4rk1/5pp1/pn5p/2pbqN2/1b2P3/1Q6/R1B1RPPP/1N4K1 w - - 4 26,e4d5,best,e5e2 f5h6 g7h6 c2h7 g8h7 a2e2,discoveredAttack,2000+,2077,77,clearance discoveredAttack kingsideAttack sacrifice veryLong,https://lichess.org/ybfB7cbt/black#50,https://lichess.org/training/AtMSY,ok: like this one a lot
best,1DJLJ,rn1q1b1r/pp2pkpp/3p4/2pnP3/5Pb1/5N2/PPPP2PP/RNBQK2R w KQ - 1 7,f3g5,best,f7g8 d1g4,discoveredAttack,<1200,979,186,discoveredAttack short,https://lichess.org/O1JzU8ud/black#12,https://lichess.org/training/1DJLJ,ok
best,3UcHB,1k2r1r1/1pp4p/p1n1Q3/3p4/5P2/1P1PP2P/PBPR4/2K3R1 b - - 0 23,g8g1,best,d2d1 g1d1 c1d1 e8e6,hangingPiece,1200-1599,1498,78,hangingPiece long,https://lichess.org/ff4qjNfH#45,https://lichess.org/training/3UcHB,ok
best,Q8f2V,3r2k1/5pp1/7p/p7/4P3/3RQ1P1/1p3PKP/2q5 w - - 0 38,d3d8,best,g8h7 e3f3,hangingPiece,1600-1999,1859,108,hangingPiece short,https://lichess.org/Kw1OZRMa/black#74,https://lichess.org/training/Q8f2V,ok
best,QvEM7,7r/pp3kqr/4p1N1/2pn1pP1/3PpP2/2P1P2R/PP3K1R/7Q b - - 0 32,f7g6,best,h3h7 h8h7 h2h7 g7h7,hangingPiece,2000+,2187,76,hangingPiece long,https://lichess.org/pOPwbHEH#63,https://lichess.org/training/QvEM7,ok
best,20CHb,r1bqkb1r/ppp2Bpp/1nn5/4P3/8/5N2/PPP2PPP/RNBQK2R b KQkq - 0 7,e8f7,best,d1d8 c6d8,hangingPiece,<1200,1165,83,hangingPiece short,https://lichess.org/3Gt8PfVq#13,https://lichess.org/training/20CHb,ok
best,DZa39,8/K7/P4Q2/8/8/2kppb2/3R2p1/8 b - - 3 61,c3d2,best,f6f3 g2g1q,hangingPiece,1200-1599,1367,109,advancedPawn hangingPiece promotion short,https://lichess.org/hlB049Q9#121,https://lichess.org/training/DZa39,ok
best,s9BDl,6k1/4q2p/p1QrP1p1/1p3p2/1P6/P6P/6P1/4R1K1 w - - 8 39,c6d6,best,e7d6 e6e7 g8f7 e7e8q,sacrifice,1600-1999,1605,78,advancedPawn long promotion sacrifice,https://lichess.org/BZ6LH08G/black#76,https://lichess.org/training/s9BDl,ok
best,SFFgk,8/7R/1k2pPp1/1b1pP1P1/3q4/1P6/r1Q3P1/4K3 w - - 0 46,c2c7,best,b6a6 c7b7 a6a5 b7a7 d4a7 h7a7 b5a6 a7a6 a5a6 f6f7 a6b5 f7f8q,sacrifice,2000+,2370,84,advancedPawn exposedKing promotion sacrifice veryLong,https://lichess.org/9yvzVp02/black#90,https://lichess.org/training/SFFgk,ok: complicated but good
best,buZAf,r5k1/pp3ppp/3q4/3p1b2/3P2r1/4B1PP/PP3P2/2RQ1RK1 b - - 0 19,g4g3,best,f2g3 d6g3,sacrifice,<1200,1168,107,kingsideAttack sacrifice short,https://lichess.org/tbUTu1Fm#37,https://lichess.org/training/buZAf,ok
best,iUEPl,r4rk1/p4ppp/2pqp1n1/3pN2b/3P4/2N3QP/PPP2PP1/R4RK1 w - - 6 15,e5g6,best,d6g3 g6e7 g8h8 f2g3,sacrifice,1200-1599,1553,87,intermezzo long sacrifice,https://lichess.org/2vRUpWLR/black#28,https://lichess.org/training/iUEPl,ok
best,OJYFs,5rk1/pp2b1p1/2p4p/5p2/2P2P1K/1P1Q2P1/PB2R2P/5q2 w - - 8 31,e2e7,best,f1d3 e7g7,sacrifice,1600-1999,1657,86,kingsideAttack sacrifice short,https://lichess.org/hGWx90dQ/black#60,https://lichess.org/training/OJYFs,ok: discoveredAttack after the puzzle move
best,wOMqd,4r1k1/5pbp/p2P2p1/2Q3B1/6P1/8/2p2P1P/1qR3K1 w - - 1 27,d6d7,best,e8e1 g1g2 b1b7 g2g3,promotion,2000+,2167,128,advancedPawn defensiveMove long,https://lichess.org/rNzWbRcs/black#52,https://lichess.org/training/wOMqd,ok
best,talLq,8/r4k2/PR5p/5pp1/2b1p3/4P1P1/5P1P/6K1 w - - 2 42,b6b7,best,a7b7 a6b7,promotion,<1200,975,84,advancedPawn short,https://lichess.org/U4RYeZMv/black#82,https://lichess.org/training/talLq,ok
best,ASlgA,3R4/7P/4p3/P3k3/8/3p4/1Kp5/7r w - - 2 50,h7h8q,best,h1h8 d8h8,promotion,1200-1599,1466,87,advancedPawn promotion short,https://lichess.org/nhaKGp82/black#98,https://lichess.org/training/ASlgA,ok
best,gskMj,1r4k1/5ppp/4p3/2R1N3/2Qq4/p6P/5PP1/6K1 b - - 1 30,d4c4,best,e5c4 a3a2 c5a5 b8b1,promotion,1600-1999,1951,110,advancedPawn long,https://lichess.org/F4ynjWxR#59,https://lichess.org/training/gskMj,ok: good one
best,GPlwO,6Q1/1p2kp2/6pP/q1p5/8/5P2/5P2/6K1 w - - 0 46,g8b8,best,c5c4 h6h7,promotion,2000+,2440,94,advancedPawn queenEndgame short,https://lichess.org/fP0sUWHO/black#90,https://lichess.org/training/GPlwO,ok
best,96aW0,8/8/1p4K1/p5P1/1k5P/8/8/8 w - - 1 49,h4h5,best,a5a4 h5h6,defensive,<1200,1191,146,pawnEndgame quietMove short,https://lichess.org/BOUxsmxV/black#96,https://lichess.org/training/96aW0,ok
best,o4I5B,8/8/2k5/1r3Rp1/7p/7P/5PK1/8 w - - 1 54,f5b5,best,c6b5 g2f3,defensive,1200-1599,1260,110,defensiveMove rookEndgame short,https://lichess.org/VDVvaLoS/black#106,https://lichess.org/training/o4I5B,ok
best,3C1wo,6k1/1p2qp2/p1p3p1/3p2P1/3Pr3/2P3Q1/PP3PK1/7R w - - 2 39,g3b8,best,e7e8 b8h2 e4h4 h2h4,defensive,1600-1999,1818,161,long quietMove,https://lichess.org/1aaETxdb/black#76,https://lichess.org/training/3C1wo,ok
best,mR4Nh,rbb2rk1/1p5p/p1n2PnQ/3p2NN/1P1p4/P2p4/2P1KPP1/R3R2q w - - 0 22,e2d1,best,c8g4 f2f3 d3c2 d1c2,defensive,2000+,2341,87,defensiveMove long,https://lichess.org/ioqcT8YV/black#42,https://lichess.org/training/mR4Nh,ok
best,lflPp,8/1k6/8/PP6/1b6/6P1/7K/8 w - - 1 52,a5a6,best,b7b6 g3g4,defensive,<1200,1124,109,bishopEndgame defensiveMove short,https://lichess.org/NBllEBZ2/black#102,https://lichess.org/training/lflPp,ok
best,egngu,4r3/p3Pkpp/1p6/6R1/8/2p4P/r5PK/4R3 w - - 1 34,g5f5,best,f7g6 f5f8 e8e7 e1e7,other,1200-1599,1350,114,long rookEndgame,https://lichess.org/I2q9NubU/black#66,https://lichess.org/training/egngu,ok
best,LB1Bm,1k1r3r/p1q1b3/2Q2p1p/3p1N2/3Npn1P/4R3/PPP2P2/2K5 w - - 3 28,e3b3,best,e7b4 b3b4,other,1600-1999,1792,118,short,https://lichess.org/PP337Cur/black#54,https://lichess.org/training/LB1Bm,ok
best,apLdl,rn1q1rk1/1b3p1p/p2p1b1p/1ppP4/8/P2BB3/1PP2PPP/R2Q1RK1 w - - 0 14,d1g4,best,f6g7 g4f5,other,2000+,2040,130,short,https://lichess.org/aNuVq3Nl/black#26,https://lichess.org/training/apLdl,ok
best,buvPQ,r4rk1/2p2pp1/p2b1n1p/1p2p3/4Pn2/2P1BB1P/PP3PP1/R3RNK1 w - - 2 18,e3f4,best,e5f4 e4e5,other,<1200,1187,243,short,https://lichess.org/wV37o46Q/black#34,https://lichess.org/training/buvPQ,ok
best,cNPtu,2k1r2r/pppq4/5p2/3p1npp/2PP4/1P2R3/P1QN1PPP/4R1K1 w - - 1 20,e3e8,best,h8e8 e1e8 d7e8 c2f5,other,1200-1599,1318,296,long queensideAttack,https://lichess.org/nGnKLThM/black#38,https://lichess.org/training/cNPtu,ok: missing deflection
